,type,MSE
0,significant,36.12910494249509
1,positive,35.45786555175009
2,negative,35.8911090784466
