,type,MSE
0,combined,35.72454759944784
1,positive,38.44367776971968
2,negative,35.89771414698066
3,multiple_reg,36.099301953011725
