,type,MSE
0,combined,33.0622952868893
1,positive,34.139004476763645
2,negative,32.932148777868825
3,multiple_reg,34.9534384961865
