,type,MSE
0,combined,35.26166647644464
1,positive,40.11501268083227
2,negative,37.35106008547934
3,multiple_reg,39.12260389180054
