,type,MSE
0,significant,82.48831833772802
1,positive,66.4800852032217
2,negative,81.98151321706185
