,type,MSE
0,significant,31.737188301468507
1,positive,31.50107179676856
2,negative,32.382376012496145
