,type,MSE
0,significant,34.33493825937497
1,positive,34.877439223415365
2,negative,34.086223750048795
