,type,MSE
0,significant,59.234351618211235
1,positive,42.64661756436907
2,negative,46.76099522328333
