,type,MSE
0,significant,56.47679192547485
1,positive,46.466701001383996
2,negative,42.314518500131825
