,type,MSE
0,significant,54.56355799320868
1,positive,55.80289199440474
2,negative,54.702126780266994
