,type,MSE
0,significant,35.66202328417558
1,positive,35.975399575133245
2,negative,37.09232384897026
