,type,MSE
0,significant,127.98568716654741
1,positive,49.49827220309517
2,negative,54.987092224865584
