,type,MSE
0,combined,39.09001622018768
1,positive,39.7699676038113
2,negative,38.42974144891545
3,multiple_reg,38.09040135274593
