,type,MSE
0,significant,49.48025790230939
1,positive,47.083575889985745
2,negative,38.82432018718926
