,type,MSE
0,combined,56.26781883345376
1,positive,60.14046185572133
2,negative,57.33865665563608
3,multiple_reg,58.133408299906456
